sequence303	sequence303
sequence304	sequence304
sequence304	sequence3206
sequence305	sequence305
sequence306	sequence306
sequence307	sequence307
sequence309	sequence309
sequence310	sequence310
sequence313	sequence313
sequence313	sequence3292
sequence314	sequence314
sequence318	sequence318
sequence319	sequence319
sequence322	sequence322
sequence323	sequence323
sequence323	sequence1630
sequence323	sequence2201
sequence323	sequence3346
sequence323	sequence3108
sequence324	sequence324
sequence327	sequence327
sequence327	sequence380
sequence327	sequence426
sequence327	sequence949
sequence327	sequence1403
sequence327	sequence1980
sequence327	sequence1989
sequence328	sequence328
sequence329	sequence329
sequence330	sequence330
sequence330	sequence1177
sequence331	sequence331
sequence334	sequence334
sequence336	sequence336
sequence338	sequence338
sequence338	sequence2143
sequence338	sequence3366
sequence339	sequence339
sequence339	sequence397
sequence339	sequence484
sequence339	sequence492
sequence339	sequence529
sequence339	sequence729
sequence339	sequence833
sequence339	sequence981
sequence339	sequence1032
sequence339	sequence1129
sequence339	sequence1168
sequence339	sequence1224
sequence339	sequence1440
sequence339	sequence1612
sequence339	sequence1654
sequence339	sequence1752
sequence339	sequence2019
sequence339	sequence2086
sequence339	sequence2123
sequence339	sequence2262
sequence339	sequence2273
sequence339	sequence2376
sequence339	sequence2584
sequence339	sequence2688
sequence339	sequence2727
sequence339	sequence2825
sequence339	sequence2832
sequence339	sequence3001
sequence339	sequence3409
sequence339	sequence1566
sequence339	sequence2467
sequence339	sequence130
sequence339	sequence288
sequence339	sequence741
sequence339	sequence2770
sequence339	sequence1956
sequence339	sequence3133
sequence339	sequence2896
sequence342	sequence342
sequence342	sequence1453
sequence343	sequence343
sequence345	sequence345
sequence346	sequence346
sequence348	sequence348
sequence349	sequence349
sequence351	sequence351
sequence352	sequence352
sequence352	sequence1586
sequence352	sequence2395
sequence354	sequence354
sequence357	sequence357
sequence358	sequence358
sequence360	sequence360
sequence363	sequence363
sequence364	sequence364
sequence364	sequence2505
sequence365	sequence365
sequence368	sequence368
sequence370	sequence370
sequence370	sequence1416
sequence371	sequence371
sequence372	sequence372
sequence372	sequence418
sequence372	sequence1780
sequence372	sequence2098
sequence372	sequence393
sequence372	sequence485
sequence372	sequence1788
sequence374	sequence374
sequence375	sequence375
sequence376	sequence376
sequence377	sequence377
sequence378	sequence378
sequence379	sequence379
sequence382	sequence382
sequence383	sequence383
sequence383	sequence234
sequence383	sequence406
sequence383	sequence495
sequence383	sequence786
sequence383	sequence900
sequence383	sequence1225
sequence383	sequence1294
sequence383	sequence2169
sequence383	sequence2625
sequence383	sequence2718
sequence383	sequence2796
sequence383	sequence2898
sequence383	sequence2953
sequence383	sequence3091
sequence383	sequence3178
sequence383	sequence3184
sequence383	sequence2322
sequence383	sequence2905
sequence384	sequence384
sequence385	sequence385
sequence385	sequence420
sequence385	sequence2056
sequence386	sequence386
sequence386	sequence736
sequence386	sequence1033
sequence386	sequence1133
sequence386	sequence1180
sequence386	sequence1290
sequence386	sequence2373
sequence386	sequence2620
sequence386	sequence2947
sequence388	sequence388
sequence389	sequence389
sequence389	sequence2594
sequence390	sequence390
sequence390	sequence2319
sequence392	sequence392
sequence395	sequence395
sequence395	sequence2144
sequence395	sequence493
sequence395	sequence2696
sequence803	sequence803
sequence805	sequence805
sequence805	sequence1050
sequence805	sequence2840
sequence806	sequence806
sequence808	sequence808
sequence809	sequence809
sequence809	sequence1753
sequence809	sequence1754
sequence809	sequence3020
sequence811	sequence811
sequence819	sequence819
sequence820	sequence820
sequence828	sequence828
sequence830	sequence830
sequence831	sequence831
sequence835	sequence835
sequence836	sequence836
sequence836	sequence65
sequence840	sequence840
sequence841	sequence841
sequence844	sequence844
sequence845	sequence845
sequence846	sequence846
sequence847	sequence847
sequence847	sequence531
sequence848	sequence848
sequence849	sequence849
sequence852	sequence852
sequence854	sequence854
sequence855	sequence855
sequence855	sequence1227
sequence855	sequence2428
sequence856	sequence856
sequence860	sequence860
sequence860	sequence2279
sequence860	sequence1194
sequence860	sequence1243
sequence860	sequence1299
sequence860	sequence1351
sequence860	sequence1564
sequence860	sequence1969
sequence860	sequence1979
sequence860	sequence2904
sequence860	sequence2933
sequence860	sequence3379
sequence860	sequence3301
sequence860	sequence132
sequence860	sequence934
sequence860	sequence1097
sequence860	sequence2004
sequence860	sequence2604
sequence860	sequence2957
sequence860	sequence3310
sequence863	sequence863
sequence865	sequence865
sequence866	sequence866
sequence866	sequence1147
sequence866	sequence1190
sequence866	sequence1483
sequence866	sequence1882
sequence866	sequence3006
sequence866	sequence3354
sequence867	sequence867
sequence869	sequence869
sequence869	sequence258
sequence869	sequence937
sequence869	sequence2243
sequence869	sequence3218
sequence869	sequence3222
sequence869	sequence677
sequence869	sequence222
sequence869	sequence2632
sequence869	sequence3227
sequence870	sequence870
sequence870	sequence15
sequence871	sequence871
sequence876	sequence876
sequence876	sequence1679
sequence876	sequence1767
sequence876	sequence2954
sequence876	sequence3274
sequence881	sequence881
sequence881	sequence839
sequence881	sequence1815
sequence882	sequence882
sequence884	sequence884
sequence885	sequence885
sequence890	sequence890
sequence892	sequence892
sequence895	sequence895
sequence898	sequence898
sequence899	sequence899
sequence899	sequence340
sequence899	sequence523
sequence899	sequence727
sequence899	sequence810
sequence899	sequence1532
sequence899	sequence1572
sequence899	sequence1702
sequence899	sequence2795
sequence2702	sequence2702
sequence2705	sequence2705
sequence2705	sequence625
sequence2705	sequence3285
sequence2706	sequence2706
sequence2707	sequence2707
sequence2707	sequence1374
sequence2709	sequence2709
sequence2709	sequence1253
sequence2709	sequence1567
sequence2709	sequence2327
sequence2709	sequence2431
sequence2711	sequence2711
sequence2716	sequence2716
sequence2719	sequence2719
sequence2719	sequence228
sequence2720	sequence2720
sequence2720	sequence3140
sequence2721	sequence2721
sequence2721	sequence1431
sequence2722	sequence2722
sequence2722	sequence2935
sequence2723	sequence2723
sequence2723	sequence541
sequence2723	sequence2687
sequence2724	sequence2724
sequence2728	sequence2728
sequence2728	sequence768
sequence2732	sequence2732
sequence2733	sequence2733
sequence2734	sequence2734
sequence2738	sequence2738
sequence2738	sequence754
sequence2738	sequence2740
sequence2739	sequence2739
sequence2739	sequence51
sequence2739	sequence1084
sequence2741	sequence2741
sequence2742	sequence2742
sequence2744	sequence2744
sequence2744	sequence3013
sequence2745	sequence2745
sequence2746	sequence2746
sequence2746	sequence651
sequence2746	sequence1778
sequence2746	sequence2440
sequence2747	sequence2747
sequence2750	sequence2750
sequence2751	sequence2751
sequence2752	sequence2752
sequence2753	sequence2753
sequence2753	sequence2845
sequence2754	sequence2754
sequence2756	sequence2756
sequence2759	sequence2759
sequence2760	sequence2760
sequence2763	sequence2763
sequence2764	sequence2764
sequence2764	sequence1771
sequence2765	sequence2765
sequence2765	sequence1658
sequence2765	sequence2878
sequence2769	sequence2769
sequence2773	sequence2773
sequence2774	sequence2774
sequence2775	sequence2775
sequence2776	sequence2776
sequence2777	sequence2777
sequence2778	sequence2778
sequence2778	sequence1441
sequence2779	sequence2779
sequence2779	sequence1776
sequence2780	sequence2780
sequence2781	sequence2781
sequence2784	sequence2784
sequence2785	sequence2785
sequence2785	sequence615
sequence2786	sequence2786
sequence2787	sequence2787
sequence2788	sequence2788
sequence2788	sequence678
sequence2788	sequence896
sequence2789	sequence2789
sequence2789	sequence1660
sequence2790	sequence2790
sequence2792	sequence2792
sequence2792	sequence1826
sequence2797	sequence2797
sequence2798	sequence2798
sequence203	sequence203
sequence205	sequence205
sequence206	sequence206
sequence206	sequence779
sequence206	sequence891
sequence206	sequence1159
sequence206	sequence1396
sequence206	sequence1933
sequence206	sequence2401
sequence209	sequence209
sequence210	sequence210
sequence210	sequence207
sequence210	sequence887
sequence210	sequence1289
sequence210	sequence1576
sequence210	sequence1821
sequence210	sequence1974
sequence210	sequence2002
sequence210	sequence2117
sequence210	sequence2343
sequence214	sequence214
sequence215	sequence215
sequence218	sequence218
sequence220	sequence220
sequence221	sequence221
sequence221	sequence1674
sequence223	sequence223
sequence223	sequence2069
sequence225	sequence225
sequence227	sequence227
sequence229	sequence229
sequence231	sequence231
sequence231	sequence2277
sequence231	sequence668
sequence231	sequence1202
sequence231	sequence1389
sequence231	sequence1549
sequence233	sequence233
sequence233	sequence2990
sequence235	sequence235
sequence237	sequence237
sequence237	sequence695
sequence237	sequence1653
sequence237	sequence2924
sequence237	sequence3075
sequence239	sequence239
sequence240	sequence240
sequence241	sequence241
sequence241	sequence3053
sequence242	sequence242
sequence242	sequence2560
sequence243	sequence243
sequence244	sequence244
sequence244	sequence1031
sequence245	sequence245
sequence246	sequence246
sequence247	sequence247
sequence247	sequence287
sequence247	sequence93
sequence248	sequence248
sequence250	sequence250
sequence251	sequence251
sequence252	sequence252
sequence252	sequence2448
sequence253	sequence253
sequence254	sequence254
sequence256	sequence256
sequence259	sequence259
sequence260	sequence260
sequence262	sequence262
sequence264	sequence264
sequence264	sequence362
sequence264	sequence3065
sequence265	sequence265
sequence267	sequence267
sequence269	sequence269
sequence273	sequence273
sequence278	sequence278
sequence280	sequence280
sequence283	sequence283
sequence283	sequence134
sequence283	sequence1841
sequence283	sequence2062
sequence285	sequence285
sequence289	sequence289
sequence291	sequence291
sequence293	sequence293
sequence295	sequence295
sequence295	sequence1038
sequence296	sequence296
sequence296	sequence3083
sequence297	sequence297
sequence297	sequence1941
sequence297	sequence2926
sequence298	sequence298
sequence298	sequence951
sequence298	sequence2879
sequence299	sequence299
sequence299	sequence1924
sequence299	sequence2207
sequence299	sequence2432
sequence299	sequence61
sequence299	sequence171
sequence299	sequence270
sequence2	sequence2
sequence3	sequence3
sequence5	sequence5
sequence7	sequence7
sequence7	sequence440
sequence7	sequence650
sequence7	sequence1530
sequence7	sequence2156
sequence7	sequence2940
sequence7	sequence3094
sequence8	sequence8
sequence9	sequence9
sequence9	sequence398
sequence9	sequence850
sequence9	sequence2430
sequence11	sequence11
sequence11	sequence326
sequence11	sequence767
sequence11	sequence1001
sequence11	sequence1235
sequence11	sequence1835
sequence11	sequence2562
sequence11	sequence2913
sequence11	sequence3076
sequence12	sequence12
sequence19	sequence19
sequence19	sequence302
sequence19	sequence521
sequence19	sequence1006
sequence19	sequence1383
sequence19	sequence1869
sequence19	sequence3032
sequence19	sequence3186
sequence19	sequence3264
sequence19	sequence3312
sequence19	sequence294
sequence19	sequence829
sequence19	sequence2603
sequence19	sequence2083
sequence21	sequence21
sequence22	sequence22
sequence22	sequence457
sequence22	sequence505
sequence22	sequence2119
sequence22	sequence2877
sequence23	sequence23
sequence23	sequence80
sequence23	sequence483
sequence23	sequence706
sequence23	sequence3428
sequence23	sequence3460
sequence25	sequence25
sequence26	sequence26
sequence26	sequence2972
sequence26	sequence3283
sequence27	sequence27
sequence31	sequence31
sequence31	sequence503
sequence34	sequence34
sequence35	sequence35
sequence35	sequence1511
sequence35	sequence1918
sequence41	sequence41
sequence41	sequence716
sequence42	sequence42
sequence42	sequence1602
sequence46	sequence46
sequence46	sequence1043
sequence46	sequence2152
sequence46	sequence2622
sequence48	sequence48
sequence49	sequence49
sequence54	sequence54
sequence56	sequence56
sequence56	sequence230
sequence56	sequence508
sequence56	sequence570
sequence56	sequence802
sequence56	sequence873
sequence56	sequence936
sequence56	sequence1092
sequence59	sequence59
sequence60	sequence60
sequence62	sequence62
sequence63	sequence63
sequence63	sequence1426
sequence63	sequence1574
sequence66	sequence66
sequence67	sequence67
sequence67	sequence1634
sequence67	sequence3120
sequence67	sequence880
sequence68	sequence68
sequence72	sequence72
sequence72	sequence147
sequence72	sequence480
sequence72	sequence717
sequence72	sequence916
sequence72	sequence1205
sequence72	sequence1234
sequence72	sequence1302
sequence72	sequence1308
sequence72	sequence1731
sequence72	sequence1774
sequence72	sequence1939
sequence72	sequence2015
sequence72	sequence2048
sequence72	sequence2592
sequence72	sequence2794
sequence72	sequence3021
sequence72	sequence3137
sequence72	sequence3254
sequence72	sequence3399
sequence72	sequence1551
sequence73	sequence73
sequence74	sequence74
sequence75	sequence75
sequence76	sequence76
sequence76	sequence268
sequence77	sequence77
sequence77	sequence1552
sequence77	sequence1669
sequence77	sequence1843
sequence77	sequence2366
sequence77	sequence3156
sequence84	sequence84
sequence87	sequence87
sequence88	sequence88
sequence89	sequence89
sequence90	sequence90
sequence90	sequence2420
sequence90	sequence2809
sequence91	sequence91
sequence94	sequence94
sequence96	sequence96
sequence97	sequence97
sequence99	sequence99
sequence1004	sequence1004
sequence1004	sequence200
sequence1004	sequence208
sequence1004	sequence381
sequence1004	sequence429
sequence1004	sequence509
sequence1004	sequence812
sequence1004	sequence872
sequence1004	sequence1023
sequence1004	sequence1113
sequence1004	sequence1139
sequence1004	sequence1151
sequence1004	sequence1197
sequence1004	sequence1326
sequence1004	sequence1330
sequence1004	sequence1461
sequence1004	sequence1649
sequence1004	sequence1759
sequence1004	sequence1854
sequence1004	sequence2225
sequence1004	sequence2544
sequence1004	sequence2704
sequence1004	sequence2726
sequence1004	sequence2992
sequence1004	sequence3035
sequence1004	sequence3289
sequence1004	sequence3457
sequence1007	sequence1007
sequence1007	sequence770
sequence1010	sequence1010
sequence1011	sequence1011
sequence1011	sequence226
sequence1013	sequence1013
sequence1013	sequence542
sequence1013	sequence596
sequence1013	sequence963
sequence1013	sequence2943
sequence1013	sequence3317
sequence1013	sequence1409
sequence1013	sequence2291
sequence1013	sequence113
sequence1013	sequence486
sequence1013	sequence2391
sequence1017	sequence1017
sequence1019	sequence1019
sequence1024	sequence1024
sequence1024	sequence1138
sequence1025	sequence1025
sequence1025	sequence1987
sequence1026	sequence1026
sequence1026	sequence3341
sequence1034	sequence1034
sequence1034	sequence573
sequence1035	sequence1035
sequence1036	sequence1036
sequence1036	sequence412
sequence1037	sequence1037
sequence1039	sequence1039
sequence1040	sequence1040
sequence1044	sequence1044
sequence1053	sequence1053
sequence1053	sequence558
sequence1053	sequence1075
sequence1054	sequence1054
sequence1056	sequence1056
sequence1056	sequence2318
sequence1060	sequence1060
sequence1062	sequence1062
sequence1063	sequence1063
sequence1065	sequence1065
sequence1066	sequence1066
sequence1067	sequence1067
sequence1067	sequence175
sequence1067	sequence1561
sequence1067	sequence1948
sequence1067	sequence2316
sequence1067	sequence2380
sequence1067	sequence2569
sequence1067	sequence3377
sequence1067	sequence1620
sequence1067	sequence3413
sequence1067	sequence1554
sequence1071	sequence1071
sequence1072	sequence1072
sequence1078	sequence1078
sequence1080	sequence1080
sequence1083	sequence1083
sequence1085	sequence1085
sequence1086	sequence1086
sequence1087	sequence1087
sequence1088	sequence1088
sequence1098	sequence1098
sequence1099	sequence1099
sequence1201	sequence1201
sequence1203	sequence1203
sequence1204	sequence1204
sequence1204	sequence2530
sequence1206	sequence1206
sequence1209	sequence1209
sequence1210	sequence1210
sequence1212	sequence1212
sequence1213	sequence1213
sequence1214	sequence1214
sequence1215	sequence1215
sequence1218	sequence1218
sequence1219	sequence1219
sequence1220	sequence1220
sequence1220	sequence2900
sequence1222	sequence1222
sequence1222	sequence2841
sequence1232	sequence1232
sequence1237	sequence1237
sequence1240	sequence1240
sequence1240	sequence924
sequence1241	sequence1241
sequence1244	sequence1244
sequence1247	sequence1247
sequence1247	sequence1052
sequence1249	sequence1249
sequence1249	sequence1189
sequence1249	sequence1803
sequence1250	sequence1250
sequence1250	sequence662
sequence1250	sequence3267
sequence1251	sequence1251
sequence1252	sequence1252
sequence1257	sequence1257
sequence1258	sequence1258
sequence1258	sequence3055
sequence1259	sequence1259
sequence1261	sequence1261
sequence1262	sequence1262
sequence1263	sequence1263
sequence1263	sequence164
sequence1264	sequence1264
sequence1269	sequence1269
sequence1270	sequence1270
sequence1271	sequence1271
sequence1272	sequence1272
sequence1272	sequence498
sequence1272	sequence2869
sequence1272	sequence2803
sequence1272	sequence3107
sequence1273	sequence1273
sequence1274	sequence1274
sequence1275	sequence1275
sequence1277	sequence1277
sequence1278	sequence1278
sequence1279	sequence1279
sequence1279	sequence312
sequence1280	sequence1280
sequence1280	sequence45
sequence1280	sequence325
sequence1280	sequence2503
sequence1282	sequence1282
sequence1283	sequence1283
sequence1285	sequence1285
sequence1288	sequence1288
sequence1293	sequence1293
sequence1296	sequence1296
sequence1297	sequence1297
sequence1298	sequence1298
sequence1298	sequence2228
sequence1298	sequence3364
sequence1298	sequence1107
sequence1298	sequence1640
sequence1298	sequence2251
sequence1298	sequence2828
sequence1298	sequence1655
sequence1298	sequence1208
sequence1298	sequence2338
sequence1298	sequence535
sequence1300	sequence1300
sequence2001	sequence2001
sequence2003	sequence2003
sequence2008	sequence2008
sequence2008	sequence3416
sequence2011	sequence2011
sequence2012	sequence2012
sequence2020	sequence2020
sequence2020	sequence912
sequence2023	sequence2023
sequence2023	sequence3342
sequence2025	sequence2025
sequence2025	sequence837
sequence2025	sequence2151
sequence2030	sequence2030
sequence2032	sequence2032
sequence2034	sequence2034
sequence2034	sequence213
sequence2034	sequence1311
sequence2034	sequence1371
sequence2034	sequence1720
sequence2034	sequence1931
sequence2034	sequence2958
sequence2034	sequence3215
sequence2034	sequence47
sequence2034	sequence1051
sequence2034	sequence1828
sequence2034	sequence1860
sequence2034	sequence2000
sequence2035	sequence2035
sequence2036	sequence2036
sequence2037	sequence2037
sequence2038	sequence2038
sequence2039	sequence2039
sequence2039	sequence107
sequence2039	sequence502
sequence2039	sequence704
sequence2039	sequence940
sequence2039	sequence942
sequence2039	sequence1386
sequence2039	sequence1414
sequence2039	sequence1623
sequence2039	sequence2135
sequence2039	sequence2714
sequence2039	sequence311
sequence2039	sequence703
sequence2039	sequence1457
sequence2039	sequence953
sequence2039	sequence1722
sequence2039	sequence400
sequence2039	sequence2177
sequence2039	sequence2386
sequence2039	sequence2256
sequence2039	sequence3193
sequence2039	sequence3210
sequence2042	sequence2042
sequence2043	sequence2043
sequence2044	sequence2044
sequence2045	sequence2045
sequence2045	sequence822
sequence2047	sequence2047
sequence2049	sequence2049
sequence2050	sequence2050
sequence2050	sequence1073
sequence2050	sequence1149
sequence2053	sequence2053
sequence2054	sequence2054
sequence2054	sequence359
sequence2054	sequence2772
sequence2055	sequence2055
sequence2055	sequence335
sequence2055	sequence1015
sequence2055	sequence2221
sequence2055	sequence3276
sequence2057	sequence2057
sequence2058	sequence2058
sequence2059	sequence2059
sequence2060	sequence2060
sequence2060	sequence40
sequence2060	sequence274
sequence2060	sequence1909
sequence2061	sequence2061
sequence2061	sequence3101
sequence2063	sequence2063
sequence2063	sequence3125
sequence2063	sequence2539
sequence2064	sequence2064
sequence2064	sequence1711
sequence2065	sequence2065
sequence2065	sequence2235
sequence2066	sequence2066
sequence2066	sequence141
sequence2066	sequence2549
sequence2066	sequence3319
sequence2066	sequence460
sequence2067	sequence2067
sequence2073	sequence2073
sequence2073	sequence1696
sequence2074	sequence2074
sequence2076	sequence2076
sequence2076	sequence70
sequence2078	sequence2078
sequence2078	sequence543
sequence2078	sequence2873
sequence2079	sequence2079
sequence2080	sequence2080
sequence2081	sequence2081
sequence2081	sequence1949
sequence2081	sequence3245
sequence2081	sequence3338
sequence2082	sequence2082
sequence2084	sequence2084
sequence2087	sequence2087
sequence2093	sequence2093
sequence2096	sequence2096
sequence2100	sequence2100
sequence3002	sequence3002
sequence3003	sequence3003
sequence3004	sequence3004
sequence3005	sequence3005
sequence3005	sequence1701
sequence3007	sequence3007
sequence3011	sequence3011
sequence3012	sequence3012
sequence3014	sequence3014
sequence3016	sequence3016
sequence3016	sequence783
sequence3016	sequence1480
sequence3016	sequence1600
sequence3016	sequence3381
sequence3017	sequence3017
sequence3017	sequence106
sequence3017	sequence888
sequence3018	sequence3018
sequence3019	sequence3019
sequence3022	sequence3022
sequence3023	sequence3023
sequence3024	sequence3024
sequence3025	sequence3025
sequence3026	sequence3026
sequence3026	sequence3299
sequence3027	sequence3027
sequence3027	sequence2006
sequence3029	sequence3029
sequence3034	sequence3034
sequence3034	sequence446
sequence3036	sequence3036
sequence3037	sequence3037
sequence3037	sequence1902
sequence3038	sequence3038
sequence3039	sequence3039
sequence3044	sequence3044
sequence3046	sequence3046
sequence3050	sequence3050
sequence3054	sequence3054
sequence3054	sequence2984
sequence3056	sequence3056
sequence3058	sequence3058
sequence3058	sequence2771
sequence3059	sequence3059
sequence3062	sequence3062
sequence3062	sequence236
sequence3064	sequence3064
sequence3066	sequence3066
sequence3067	sequence3067
sequence3069	sequence3069
sequence3070	sequence3070
sequence3071	sequence3071
sequence3073	sequence3073
sequence3074	sequence3074
sequence3078	sequence3078
sequence3080	sequence3080
sequence3084	sequence3084
sequence3084	sequence762
sequence3084	sequence1872
sequence3086	sequence3086
sequence3086	sequence1556
sequence3087	sequence3087
sequence3088	sequence3088
sequence3090	sequence3090
sequence3090	sequence2283
sequence3095	sequence3095
sequence3096	sequence3096
sequence3098	sequence3098
sequence3099	sequence3099
sequence3100	sequence3100
sequence501	sequence501
sequence501	sequence172
sequence504	sequence504
sequence506	sequence506
sequence507	sequence507
sequence511	sequence511
sequence512	sequence512
sequence514	sequence514
sequence515	sequence515
sequence515	sequence431
sequence515	sequence2026
sequence515	sequence2446
sequence518	sequence518
sequence518	sequence119
sequence518	sequence1688
sequence518	sequence2708
sequence518	sequence2882
sequence520	sequence520
sequence525	sequence525
sequence525	sequence1727
sequence525	sequence1737
sequence525	sequence2052
sequence526	sequence526
sequence526	sequence2909
sequence526	sequence428
sequence526	sequence1076
sequence526	sequence2959
sequence526	sequence2964
sequence526	sequence3311
sequence530	sequence530
sequence532	sequence532
sequence534	sequence534
sequence534	sequence255
sequence536	sequence536
sequence536	sequence402
sequence537	sequence537
sequence539	sequence539
sequence539	sequence1436
sequence539	sequence771
sequence539	sequence1757
sequence539	sequence1957
sequence539	sequence801
sequence539	sequence3234
sequence539	sequence166
sequence544	sequence544
sequence545	sequence545
sequence546	sequence546
sequence546	sequence1104
sequence547	sequence547
sequence549	sequence549
sequence552	sequence552
sequence553	sequence553
sequence556	sequence556
sequence557	sequence557
sequence557	sequence447
sequence557	sequence2664
sequence557	sequence3384
sequence560	sequence560
sequence560	sequence92
sequence560	sequence300
sequence560	sequence53
sequence560	sequence333
sequence560	sequence964
sequence561	sequence561
sequence562	sequence562
sequence564	sequence564
sequence564	sequence479
sequence564	sequence685
sequence565	sequence565
sequence568	sequence568
sequence571	sequence571
sequence572	sequence572
sequence574	sequence574
sequence578	sequence578
sequence580	sequence580
sequence580	sequence403
sequence580	sequence975
sequence580	sequence1678
sequence580	sequence2623
sequence580	sequence2767
sequence580	sequence3392
sequence580	sequence17
sequence580	sequence1891
sequence581	sequence581
sequence582	sequence582
sequence585	sequence585
sequence586	sequence586
sequence586	sequence224
sequence586	sequence423
sequence586	sequence759
sequence586	sequence1364
sequence586	sequence1418
sequence586	sequence1432
sequence586	sequence1785
sequence586	sequence1855
sequence586	sequence2556
sequence586	sequence2644
sequence586	sequence2811
sequence586	sequence3220
sequence586	sequence3236
sequence587	sequence587
sequence588	sequence588
sequence589	sequence589
sequence591	sequence591
sequence591	sequence2297
sequence591	sequence2304
sequence592	sequence592
sequence593	sequence593
sequence593	sequence1184
sequence593	sequence1345
sequence593	sequence2154
sequence593	sequence2578
sequence593	sequence2997
sequence594	sequence594
sequence595	sequence595
sequence597	sequence597
sequence597	sequence721
sequence597	sequence2091
sequence597	sequence2928
sequence599	sequence599
sequence599	sequence1444
sequence1703	sequence1703
sequence1704	sequence1704
sequence1704	sequence790
sequence1706	sequence1706
sequence1707	sequence1707
sequence1707	sequence1069
sequence1707	sequence1580
sequence1712	sequence1712
sequence1713	sequence1713
sequence1714	sequence1714
sequence1715	sequence1715
sequence1717	sequence1717
sequence1718	sequence1718
sequence1718	sequence2487
sequence1719	sequence1719
sequence1719	sequence2439
sequence1723	sequence1723
sequence1725	sequence1725
sequence1726	sequence1726
sequence1728	sequence1728
sequence1728	sequence16
sequence1728	sequence198
sequence1729	sequence1729
sequence1729	sequence257
sequence1730	sequence1730
sequence1730	sequence2018
sequence1732	sequence1732
sequence1733	sequence1733
sequence1734	sequence1734
sequence1735	sequence1735
sequence1736	sequence1736
sequence1736	sequence71
sequence1736	sequence2821
sequence1736	sequence3279
sequence1738	sequence1738
sequence1740	sequence1740
sequence1741	sequence1741
sequence1746	sequence1746
sequence1747	sequence1747
sequence1749	sequence1749
sequence1749	sequence1260
sequence1750	sequence1750
sequence1751	sequence1751
sequence1755	sequence1755
sequence1756	sequence1756
sequence1758	sequence1758
sequence1760	sequence1760
sequence1760	sequence1424
sequence1762	sequence1762
sequence1762	sequence667
sequence1762	sequence2814
sequence1763	sequence1763
sequence1766	sequence1766
sequence1766	sequence886
sequence1766	sequence775
sequence1769	sequence1769
sequence1769	sequence2617
sequence1769	sequence2946
sequence1775	sequence1775
sequence1779	sequence1779
sequence1781	sequence1781
sequence1782	sequence1782
sequence1789	sequence1789
sequence1790	sequence1790
sequence1791	sequence1791
sequence1792	sequence1792
sequence1793	sequence1793
sequence1795	sequence1795
sequence1797	sequence1797
sequence1798	sequence1798
sequence1799	sequence1799
sequence1799	sequence2014
sequence1799	sequence2176
sequence1800	sequence1800
sequence2901	sequence2901
sequence2901	sequence337
sequence2902	sequence2902
sequence2908	sequence2908
sequence2908	sequence344
sequence2911	sequence2911
sequence2912	sequence2912
sequence2914	sequence2914
sequence2914	sequence1970
sequence2914	sequence238
sequence2914	sequence1070
sequence2914	sequence1700
sequence2914	sequence2497
sequence2914	sequence3009
sequence2914	sequence666
sequence2916	sequence2916
sequence2920	sequence2920
sequence2921	sequence2921
sequence2922	sequence2922
sequence2923	sequence2923
sequence2925	sequence2925
sequence2927	sequence2927
sequence2930	sequence2930
sequence2931	sequence2931
sequence2931	sequence2088
sequence2932	sequence2932
sequence2932	sequence1923
sequence2934	sequence2934
sequence2937	sequence2937
sequence2939	sequence2939
sequence2939	sequence217
sequence2939	sequence672
sequence2939	sequence1179
sequence2939	sequence1196
sequence2939	sequence2209
sequence2942	sequence2942
sequence2942	sequence454
sequence2942	sequence3411
sequence2950	sequence2950
sequence2951	sequence2951
sequence2952	sequence2952
sequence2955	sequence2955
sequence2960	sequence2960
sequence2960	sequence1708
sequence2961	sequence2961
sequence2961	sequence1005
sequence2961	sequence2670
sequence2963	sequence2963
sequence2963	sequence1639
sequence2965	sequence2965
sequence2965	sequence1182
sequence2966	sequence2966
sequence2966	sequence1284
sequence2968	sequence2968
sequence2968	sequence1193
sequence2969	sequence2969
sequence2970	sequence2970
sequence2973	sequence2973
sequence2974	sequence2974
sequence2974	sequence1118
sequence2976	sequence2976
sequence2976	sequence524
sequence2977	sequence2977
sequence2977	sequence2731
sequence2978	sequence2978
sequence2979	sequence2979
sequence2981	sequence2981
sequence2981	sequence1664
sequence2982	sequence2982
sequence2983	sequence2983
sequence2987	sequence2987
sequence2987	sequence188
sequence2987	sequence832
sequence2987	sequence1899
sequence2987	sequence2534
sequence2987	sequence2919
sequence2987	sequence3214
sequence2988	sequence2988
sequence2989	sequence2989
sequence2993	sequence2993
sequence2994	sequence2994
sequence2995	sequence2995
sequence2996	sequence2996
sequence2998	sequence2998
sequence2998	sequence1229
sequence2998	sequence1404
sequence2999	sequence2999
sequence3000	sequence3000
sequence3402	sequence3402
sequence3405	sequence3405
sequence3406	sequence3406
sequence3406	sequence399
sequence3406	sequence1329
sequence3406	sequence797
sequence3407	sequence3407
sequence3408	sequence3408
sequence3412	sequence3412
sequence3414	sequence3414
sequence3415	sequence3415
sequence3419	sequence3419
sequence3420	sequence3420
sequence3421	sequence3421
sequence3421	sequence133
sequence3422	sequence3422
sequence3423	sequence3423
sequence3424	sequence3424
sequence3425	sequence3425
sequence3425	sequence2447
sequence3426	sequence3426
sequence3427	sequence3427
sequence3430	sequence3430
sequence3430	sequence1822
sequence3431	sequence3431
sequence3433	sequence3433
sequence3434	sequence3434
sequence3435	sequence3435
sequence3436	sequence3436
sequence3438	sequence3438
sequence3439	sequence3439
sequence3442	sequence3442
sequence3443	sequence3443
sequence3444	sequence3444
sequence3445	sequence3445
sequence3446	sequence3446
sequence3447	sequence3447
sequence3447	sequence2682
sequence3448	sequence3448
sequence3449	sequence3449
sequence3450	sequence3450
sequence3451	sequence3451
sequence3452	sequence3452
sequence3453	sequence3453
sequence3454	sequence3454
sequence3455	sequence3455
sequence3456	sequence3456
sequence3456	sequence453
sequence3456	sequence2013
sequence3456	sequence2133
sequence3458	sequence3458
sequence3459	sequence3459
sequence603	sequence603
sequence604	sequence604
sequence605	sequence605
sequence606	sequence606
sequence606	sequence761
sequence607	sequence607
sequence608	sequence608
sequence608	sequence6
sequence608	sequence69
sequence608	sequence356
sequence608	sequence629
sequence608	sequence687
sequence608	sequence709
sequence608	sequence765
sequence608	sequence902
sequence608	sequence930
sequence608	sequence946
sequence608	sequence1021
sequence608	sequence1074
sequence608	sequence1238
sequence608	sequence1307
sequence608	sequence1542
sequence608	sequence1591
sequence608	sequence1709
sequence608	sequence1724
sequence608	sequence1770
sequence608	sequence1914
sequence608	sequence1967
sequence608	sequence2415
sequence608	sequence2895
sequence608	sequence3072
sequence608	sequence3112
sequence608	sequence3195
sequence608	sequence3201
sequence608	sequence3362
sequence609	sequence609
sequence613	sequence613
sequence614	sequence614
sequence614	sequence780
sequence618	sequence618
sequence618	sequence212
sequence618	sequence730
sequence618	sequence1328
sequence618	sequence2465
sequence618	sequence3345
sequence620	sequence620
sequence621	sequence621
sequence621	sequence320
sequence624	sequence624
sequence626	sequence626
sequence627	sequence627
sequence627	sequence2701
sequence628	sequence628
sequence632	sequence632
sequence633	sequence633
sequence633	sequence36
sequence633	sequence30
sequence633	sequence623
sequence633	sequence791
sequence633	sequence1095
sequence633	sequence1137
sequence633	sequence1256
sequence633	sequence1783
sequence633	sequence2229
sequence633	sequence2289
sequence633	sequence3126
sequence633	sequence1058
sequence634	sequence634
sequence635	sequence635
sequence636	sequence636
sequence636	sequence1491
sequence639	sequence639
sequence646	sequence646
sequence646	sequence115
sequence647	sequence647
sequence647	sequence1164
sequence647	sequence2762
sequence647	sequence3127
sequence647	sequence1468
sequence647	sequence161
sequence647	sequence276
sequence647	sequence277
sequence647	sequence474
sequence647	sequence684
sequence647	sequence864
sequence647	sequence1081
sequence647	sequence1111
sequence647	sequence1175
sequence647	sequence1538
sequence647	sequence1562
sequence647	sequence1842
sequence647	sequence1888
sequence647	sequence1942
sequence647	sequence2170
sequence647	sequence2410
sequence647	sequence2698
sequence647	sequence2917
sequence647	sequence2948
sequence647	sequence3060
sequence647	sequence3349
sequence648	sequence648
sequence652	sequence652
sequence652	sequence913
sequence652	sequence3147
sequence655	sequence655
sequence656	sequence656
sequence656	sequence81
sequence656	sequence95
sequence656	sequence670
sequence657	sequence657
sequence658	sequence658
sequence658	sequence3226
sequence659	sequence659
sequence661	sequence661
sequence663	sequence663
sequence665	sequence665
sequence673	sequence673
sequence673	sequence1387
sequence673	sequence1433
sequence673	sequence1958
sequence673	sequence1568
sequence673	sequence2944
sequence673	sequence2172
sequence673	sequence33
sequence673	sequence1624
sequence673	sequence3401
sequence673	sequence1659
sequence675	sequence675
sequence676	sequence676
sequence680	sequence680
sequence682	sequence682
sequence682	sequence488
sequence688	sequence688
sequence688	sequence735
sequence689	sequence689
sequence690	sequence690
sequence691	sequence691
sequence691	sequence540
sequence691	sequence1322
sequence691	sequence2861
sequence692	sequence692
sequence693	sequence693
sequence693	sequence1082
sequence693	sequence1378
sequence693	sequence1476
sequence693	sequence1605
sequence693	sequence1849
sequence693	sequence2535
sequence693	sequence2804
sequence694	sequence694
sequence694	sequence178
sequence696	sequence696
sequence696	sequence643
sequence698	sequence698
sequence699	sequence699
sequence699	sequence2094
sequence1402	sequence1402
sequence1405	sequence1405
sequence1407	sequence1407
sequence1411	sequence1411
sequence1412	sequence1412
sequence1420	sequence1420
sequence1420	sequence2649
sequence1422	sequence1422
sequence1425	sequence1425
sequence1427	sequence1427
sequence1428	sequence1428
sequence1429	sequence1429
sequence1429	sequence3224
sequence1430	sequence1430
sequence1430	sequence653
sequence1434	sequence1434
sequence1435	sequence1435
sequence1435	sequence168
sequence1435	sequence838
sequence1435	sequence1558
sequence1435	sequence1930
sequence1435	sequence2237
sequence1435	sequence2358
sequence1435	sequence3015
sequence1435	sequence3148
sequence1435	sequence3305
sequence1435	sequence24
sequence1435	sequence52
sequence1435	sequence201
sequence1435	sequence204
sequence1435	sequence137
sequence1435	sequence720
sequence1435	sequence927
sequence1435	sequence1173
sequence1435	sequence2311
sequence1435	sequence2524
sequence1435	sequence853
sequence1435	sequence3041
sequence1435	sequence3219
sequence1435	sequence1565
sequence1435	sequence2783
sequence1435	sequence2427
sequence1435	sequence3307
sequence1435	sequence642
sequence1437	sequence1437
sequence1438	sequence1438
sequence1439	sequence1439
sequence1443	sequence1443
sequence1445	sequence1445
sequence1446	sequence1446
sequence1446	sequence1029
sequence1446	sequence516
sequence1446	sequence954
sequence1446	sequence995
sequence1446	sequence1216
sequence1446	sequence1583
sequence1446	sequence1610
sequence1446	sequence2016
sequence1446	sequence2357
sequence1446	sequence2730
sequence1446	sequence2758
sequence1446	sequence2870
sequence1448	sequence1448
sequence1448	sequence1829
sequence1448	sequence3010
sequence1450	sequence1450
sequence1450	sequence347
sequence1450	sequence450
sequence1450	sequence463
sequence1452	sequence1452
sequence1455	sequence1455
sequence1456	sequence1456
sequence1464	sequence1464
sequence1465	sequence1465
sequence1465	sequence216
sequence1467	sequence1467
sequence1469	sequence1469
sequence1470	sequence1470
sequence1471	sequence1471
sequence1472	sequence1472
sequence1472	sequence1449
sequence1473	sequence1473
sequence1474	sequence1474
sequence1475	sequence1475
sequence1477	sequence1477
sequence1477	sequence2137
sequence1479	sequence1479
sequence1479	sequence2141
sequence1481	sequence1481
sequence1481	sequence2812
sequence1482	sequence1482
sequence1485	sequence1485
sequence1487	sequence1487
sequence1488	sequence1488
sequence1489	sequence1489
sequence1490	sequence1490
sequence1490	sequence416
sequence1490	sequence747
sequence1490	sequence973
sequence1490	sequence1745
sequence1492	sequence1492
sequence1494	sequence1494
sequence1496	sequence1496
sequence1499	sequence1499
sequence1500	sequence1500
sequence1906	sequence1906
sequence1908	sequence1908
sequence1910	sequence1910
sequence1910	sequence911
sequence1911	sequence1911
sequence1912	sequence1912
sequence1916	sequence1916
sequence1916	sequence1126
sequence1919	sequence1919
sequence1919	sequence2874
sequence1920	sequence1920
sequence1926	sequence1926
sequence1927	sequence1927
sequence1928	sequence1928
sequence1928	sequence1839
sequence1928	sequence707
sequence1928	sequence1764
sequence1928	sequence1615
sequence1928	sequence2101
sequence1928	sequence1831
sequence1934	sequence1934
sequence1935	sequence1935
sequence1936	sequence1936
sequence1937	sequence1937
sequence1938	sequence1938
sequence1943	sequence1943
sequence1944	sequence1944
sequence1944	sequence2095
sequence1945	sequence1945
sequence1946	sequence1946
sequence1946	sequence282
sequence1946	sequence576
sequence1946	sequence1394
sequence1947	sequence1947
sequence1951	sequence1951
sequence1951	sequence1462
sequence1952	sequence1952
sequence1954	sequence1954
sequence1955	sequence1955
sequence1959	sequence1959
sequence1961	sequence1961
sequence1962	sequence1962
sequence1963	sequence1963
sequence1966	sequence1966
sequence1966	sequence271
sequence1973	sequence1973
sequence1975	sequence1975
sequence1977	sequence1977
sequence1977	sequence2647
sequence1978	sequence1978
sequence1982	sequence1982
sequence1983	sequence1983
sequence1984	sequence1984
sequence1984	sequence1327
sequence1984	sequence2051
sequence1985	sequence1985
sequence1986	sequence1986
sequence1988	sequence1988
sequence1990	sequence1990
sequence1993	sequence1993
sequence1994	sequence1994
sequence1997	sequence1997
sequence1999	sequence1999
sequence2103	sequence2103
sequence2105	sequence2105
sequence2108	sequence2108
sequence2109	sequence2109
sequence2110	sequence2110
sequence2111	sequence2111
sequence2111	sequence1631
sequence2112	sequence2112
sequence2112	sequence2831
sequence2113	sequence2113
sequence2114	sequence2114
sequence2118	sequence2118
sequence2120	sequence2120
sequence2122	sequence2122
sequence2122	sequence745
sequence2124	sequence2124
sequence2126	sequence2126
sequence2127	sequence2127
sequence2128	sequence2128
sequence2128	sequence877
sequence2129	sequence2129
sequence2130	sequence2130
sequence2132	sequence2132
sequence2132	sequence1276
sequence2132	sequence3171
sequence2136	sequence2136
sequence2136	sequence2192
sequence2138	sequence2138
sequence2139	sequence2139
sequence2139	sequence1188
sequence2140	sequence2140
sequence2146	sequence2146
sequence2149	sequence2149
sequence2150	sequence2150
sequence2153	sequence2153
sequence2155	sequence2155
sequence2157	sequence2157
sequence2157	sequence78
sequence2157	sequence157
sequence2157	sequence249
sequence2157	sequence944
sequence2157	sequence956
sequence2157	sequence1093
sequence2157	sequence1230
sequence2157	sequence1312
sequence2157	sequence1689
sequence2157	sequence2370
sequence2157	sequence2936
sequence2157	sequence3134
sequence2157	sequence394
sequence2157	sequence3155
sequence2159	sequence2159
sequence2160	sequence2160
sequence2162	sequence2162
sequence2163	sequence2163
sequence2163	sequence2421
sequence2163	sequence3404
sequence2164	sequence2164
sequence2164	sequence861
sequence2164	sequence3325
sequence2165	sequence2165
sequence2167	sequence2167
sequence2167	sequence1090
sequence2167	sequence2510
sequence2168	sequence2168
sequence2171	sequence2171
sequence2171	sequence818
sequence2171	sequence874
sequence2171	sequence1120
sequence2171	sequence1292
sequence2171	sequence2665
sequence2171	sequence2852
sequence2174	sequence2174
sequence2175	sequence2175
sequence2178	sequence2178
sequence2179	sequence2179
sequence2180	sequence2180
sequence2180	sequence2388
sequence2181	sequence2181
sequence2182	sequence2182
sequence2182	sequence550
sequence2182	sequence3045
sequence2184	sequence2184
sequence2184	sequence969
sequence2184	sequence2107
sequence2185	sequence2185
sequence2186	sequence2186
sequence2189	sequence2189
sequence2189	sequence366
sequence2190	sequence2190
sequence2193	sequence2193
sequence2194	sequence2194
sequence2194	sequence980
sequence2195	sequence2195
sequence2196	sequence2196
sequence2196	sequence2340
sequence2197	sequence2197
sequence2199	sequence2199
sequence2200	sequence2200
sequence2200	sequence82
sequence2403	sequence2403
sequence2403	sequence1968
sequence2405	sequence2405
sequence2406	sequence2406
sequence2407	sequence2407
sequence2407	sequence733
sequence2407	sequence1100
sequence2407	sequence1136
sequence2407	sequence1223
sequence2407	sequence1773
sequence2407	sequence2859
sequence2407	sequence2910
sequence2407	sequence3153
sequence2409	sequence2409
sequence2409	sequence1571
sequence2411	sequence2411
sequence2413	sequence2413
sequence2414	sequence2414
sequence2417	sequence2417
sequence2418	sequence2418
sequence2419	sequence2419
sequence2423	sequence2423
sequence2423	sequence1817
sequence2425	sequence2425
sequence2429	sequence2429
sequence2429	sequence2183
sequence2433	sequence2433
sequence2433	sequence317
sequence2434	sequence2434
sequence2436	sequence2436
sequence2437	sequence2437
sequence2438	sequence2438
sequence2438	sequence1971
sequence2444	sequence2444
sequence2445	sequence2445
sequence2449	sequence2449
sequence2450	sequence2450
sequence2452	sequence2452
sequence2453	sequence2453
sequence2453	sequence1421
sequence2453	sequence1372
sequence2455	sequence2455
sequence2455	sequence2398
sequence2456	sequence2456
sequence2457	sequence2457
sequence2459	sequence2459
sequence2460	sequence2460
sequence2460	sequence301
sequence2460	sequence1913
sequence2461	sequence2461
sequence2462	sequence2462
sequence2463	sequence2463
sequence2466	sequence2466
sequence2468	sequence2468
sequence2469	sequence2469
sequence2470	sequence2470
sequence2470	sequence494
sequence2473	sequence2473
sequence2476	sequence2476
sequence2477	sequence2477
sequence2478	sequence2478
sequence2481	sequence2481
sequence2484	sequence2484
sequence2485	sequence2485
sequence2485	sequence669
sequence2485	sequence2712
sequence2485	sequence3092
sequence2489	sequence2489
sequence2489	sequence100
sequence2489	sequence211
sequence2489	sequence2396
sequence2489	sequence2590
sequence2490	sequence2490
sequence2491	sequence2491
sequence2492	sequence2492
sequence2493	sequence2493
sequence2496	sequence2496
sequence2498	sequence2498
sequence2498	sequence1596
sequence2499	sequence2499
sequence2500	sequence2500
sequence2500	sequence1662
sequence401	sequence401
sequence401	sequence1691
sequence401	sequence2202
sequence405	sequence405
sequence405	sequence785
sequence409	sequence409
sequence410	sequence410
sequence411	sequence411
sequence411	sequence183
sequence414	sequence414
sequence414	sequence86
sequence414	sequence2527
sequence415	sequence415
sequence417	sequence417
sequence419	sequence419
sequence419	sequence583
sequence419	sequence883
sequence419	sequence1338
sequence419	sequence3232
sequence419	sequence3161
sequence419	sequence156
sequence419	sequence438
sequence419	sequence2608
sequence421	sequence421
sequence425	sequence425
sequence430	sequence430
sequence430	sequence834
sequence430	sequence1046
sequence434	sequence434
sequence434	sequence286
sequence434	sequence868
sequence434	sequence2621
sequence434	sequence2892
sequence435	sequence435
sequence435	sequence194
sequence435	sequence2703
sequence435	sequence2717
sequence436	sequence436
sequence436	sequence2147
sequence437	sequence437
sequence439	sequence439
sequence441	sequence441
sequence441	sequence1787
sequence441	sequence2331
sequence441	sequence3138
sequence443	sequence443
sequence443	sequence619
sequence444	sequence444
sequence444	sequence1131
sequence444	sequence1772
sequence444	sequence1796
sequence449	sequence449
sequence451	sequence451
sequence452	sequence452
sequence455	sequence455
sequence456	sequence456
sequence458	sequence458
sequence459	sequence459
sequence462	sequence462
sequence464	sequence464
sequence465	sequence465
sequence466	sequence466
sequence466	sequence44
sequence466	sequence569
sequence466	sequence1041
sequence467	sequence467
sequence467	sequence29
sequence469	sequence469
sequence471	sequence471
sequence471	sequence3051
sequence472	sequence472
sequence473	sequence473
sequence476	sequence476
sequence477	sequence477
sequence477	sequence1597
sequence478	sequence478
sequence482	sequence482
sequence489	sequence489
sequence490	sequence490
sequence490	sequence1008
sequence490	sequence2222
sequence491	sequence491
sequence496	sequence496
sequence496	sequence859
sequence496	sequence1320
sequence497	sequence497
sequence497	sequence193
sequence500	sequence500
sequence1103	sequence1103
sequence1103	sequence3197
sequence1106	sequence1106
sequence1108	sequence1108
sequence1112	sequence1112
sequence1112	sequence1134
sequence1112	sequence1644
sequence1112	sequence2404
sequence1112	sequence2768
sequence1112	sequence3217
sequence1115	sequence1115
sequence1115	sequence118
sequence1116	sequence1116
sequence1117	sequence1117
sequence1119	sequence1119
sequence1121	sequence1121
sequence1121	sequence3093
sequence1122	sequence1122
sequence1125	sequence1125
sequence1125	sequence2494
sequence1128	sequence1128
sequence1130	sequence1130
sequence1130	sequence3109
sequence1130	sequence2941
sequence1132	sequence1132
sequence1135	sequence1135
sequence1140	sequence1140
sequence1140	sequence851
sequence1140	sequence1055
sequence1140	sequence3163
sequence1141	sequence1141
sequence1142	sequence1142
sequence1144	sequence1144
sequence1145	sequence1145
sequence1146	sequence1146
sequence1146	sequence316
sequence1146	sequence391
sequence1148	sequence1148
sequence1152	sequence1152
sequence1153	sequence1153
sequence1154	sequence1154
sequence1154	sequence533
sequence1154	sequence2041
sequence1155	sequence1155
sequence1155	sequence2980
sequence1157	sequence1157
sequence1157	sequence162
sequence1157	sequence823
sequence1157	sequence1057
sequence1158	sequence1158
sequence1158	sequence3272
sequence1160	sequence1160
sequence1161	sequence1161
sequence1162	sequence1162
sequence1162	sequence292
sequence1162	sequence315
sequence1162	sequence369
sequence1162	sequence408
sequence1162	sequence424
sequence1162	sequence433
sequence1162	sequence548
sequence1162	sequence590
sequence1162	sequence654
sequence1162	sequence726
sequence1162	sequence757
sequence1162	sequence776
sequence1162	sequence777
sequence1162	sequence857
sequence1162	sequence941
sequence1162	sequence1199
sequence1162	sequence1608
sequence1162	sequence1895
sequence1162	sequence2102
sequence1162	sequence2148
sequence1162	sequence2161
sequence1162	sequence2224
sequence1162	sequence2295
sequence1162	sequence2329
sequence1162	sequence2441
sequence1162	sequence2454
sequence1162	sequence2585
sequence1162	sequence2655
sequence1162	sequence2690
sequence1162	sequence2918
sequence1162	sequence2967
sequence1162	sequence3189
sequence1162	sequence3303
sequence1162	sequence3376
sequence1170	sequence1170
sequence1170	sequence2488
sequence1172	sequence1172
sequence1174	sequence1174
sequence1176	sequence1176
sequence1178	sequence1178
sequence1185	sequence1185
sequence1185	sequence527
sequence1185	sequence1163
sequence1186	sequence1186
sequence1187	sequence1187
sequence1192	sequence1192
sequence1192	sequence917
sequence1195	sequence1195
sequence1195	sequence2125
sequence1198	sequence1198
sequence1198	sequence1637
sequence1198	sequence1761
sequence1198	sequence1526
sequence1200	sequence1200
sequence1601	sequence1601
sequence1601	sequence999
sequence1606	sequence1606
sequence1607	sequence1607
sequence1611	sequence1611
sequence1611	sequence2736
sequence1611	sequence3089
sequence1614	sequence1614
sequence1614	sequence977
sequence1614	sequence3115
sequence1616	sequence1616
sequence1617	sequence1617
sequence1619	sequence1619
sequence1619	sequence1495
sequence1622	sequence1622
sequence1625	sequence1625
sequence1626	sequence1626
sequence1627	sequence1627
sequence1627	sequence794
sequence1628	sequence1628
sequence1629	sequence1629
sequence1632	sequence1632
sequence1636	sequence1636
sequence1638	sequence1638
sequence1638	sequence1953
sequence1638	sequence2374
sequence1638	sequence2715
sequence1638	sequence2793
sequence1641	sequence1641
sequence1641	sequence3033
sequence1641	sequence781
sequence1641	sequence952
sequence1642	sequence1642
sequence1643	sequence1643
sequence1645	sequence1645
sequence1646	sequence1646
sequence1648	sequence1648
sequence1651	sequence1651
sequence1656	sequence1656
sequence1656	sequence622
sequence1657	sequence1657
sequence1661	sequence1661
sequence1663	sequence1663
sequence1663	sequence39
sequence1663	sequence182
sequence1663	sequence445
sequence1663	sequence475
sequence1663	sequence601
sequence1663	sequence602
sequence1663	sequence611
sequence1663	sequence697
sequence1663	sequence798
sequence1663	sequence842
sequence1663	sequence875
sequence1663	sequence1061
sequence1663	sequence1191
sequence1663	sequence1295
sequence1663	sequence1367
sequence1663	sequence1447
sequence1663	sequence1557
sequence1663	sequence1698
sequence1663	sequence1819
sequence1663	sequence2005
sequence1663	sequence2337
sequence1663	sequence2482
sequence1663	sequence2945
sequence1663	sequence3175
sequence1663	sequence3270
sequence1663	sequence3295
sequence1663	sequence3304
sequence1666	sequence1666
sequence1667	sequence1667
sequence1668	sequence1668
sequence1671	sequence1671
sequence1671	sequence170
sequence1671	sequence487
sequence1671	sequence2495
sequence1672	sequence1672
sequence1672	sequence1167
sequence1672	sequence2639
sequence1672	sequence2986
sequence1675	sequence1675
sequence1676	sequence1676
sequence1677	sequence1677
sequence1680	sequence1680
sequence1680	sequence266
sequence1680	sequence2266
sequence1684	sequence1684
sequence1684	sequence3154
sequence1685	sequence1685
sequence1686	sequence1686
sequence1687	sequence1687
sequence1692	sequence1692
sequence1692	sequence2857
sequence1692	sequence3047
sequence1692	sequence3160
sequence1692	sequence2220
sequence1692	sequence2648
sequence1692	sequence1950
sequence1692	sequence2198
sequence1692	sequence3410
sequence1693	sequence1693
sequence1695	sequence1695
sequence2601	sequence2601
sequence2601	sequence3353
sequence2602	sequence2602
sequence2605	sequence2605
sequence2605	sequence1143
sequence2607	sequence2607
sequence2609	sequence2609
sequence2610	sequence2610
sequence2610	sequence350
sequence2611	sequence2611
sequence2612	sequence2612
sequence2613	sequence2613
sequence2613	sequence756
sequence2614	sequence2614
sequence2615	sequence2615
sequence2615	sequence843
sequence2615	sequence1221
sequence2615	sequence3040
sequence2616	sequence2616
sequence2616	sequence1546
sequence2619	sequence2619
sequence2624	sequence2624
sequence2624	sequence2309
sequence2624	sequence630
sequence2624	sequence2028
sequence2626	sequence2626
sequence2627	sequence2627
sequence2627	sequence1181
sequence2627	sequence3081
sequence2627	sequence367
sequence2627	sequence2216
sequence2627	sequence3327
sequence2629	sequence2629
sequence2630	sequence2630
sequence2630	sequence923
sequence2633	sequence2633
sequence2634	sequence2634
sequence2635	sequence2635
sequence2636	sequence2636
sequence2637	sequence2637
sequence2640	sequence2640
sequence2642	sequence2642
sequence2643	sequence2643
sequence2645	sequence2645
sequence2645	sequence702
sequence2646	sequence2646
sequence2650	sequence2650
sequence2650	sequence32
sequence2650	sequence138
sequence2650	sequence422
sequence2650	sequence554
sequence2650	sequence649
sequence2650	sequence1009
sequence2650	sequence1068
sequence2650	sequence1217
sequence2650	sequence1323
sequence2650	sequence1618
sequence2650	sequence1621
sequence2650	sequence1915
sequence2650	sequence1925
sequence2650	sequence2024
sequence2650	sequence2252
sequence2650	sequence2381
sequence2650	sequence2748
sequence2650	sequence3043
sequence2650	sequence3192
sequence2650	sequence58
sequence2650	sequence1423
sequence2650	sequence4
sequence2650	sequence1721
sequence2650	sequence2089
sequence2650	sequence2474
sequence2650	sequence279
sequence2650	sequence889
sequence2650	sequence3057
sequence2650	sequence1907
sequence2651	sequence2651
sequence2651	sequence284
sequence2652	sequence2652
sequence2654	sequence2654
sequence2656	sequence2656
sequence2657	sequence2657
sequence2658	sequence2658
sequence2658	sequence948
sequence2658	sequence1094
sequence2658	sequence1592
sequence2658	sequence2239
sequence2658	sequence2346
sequence2658	sequence2349
sequence2658	sequence2938
sequence2658	sequence3082
sequence2658	sequence3229
sequence2658	sequence3049
sequence2659	sequence2659
sequence2660	sequence2660
sequence2660	sequence1410
sequence2661	sequence2661
sequence2667	sequence2667
sequence2669	sequence2669
sequence2671	sequence2671
sequence2672	sequence2672
sequence2673	sequence2673
sequence2674	sequence2674
sequence2675	sequence2675
sequence2676	sequence2676
sequence2677	sequence2677
sequence2678	sequence2678
sequence2678	sequence2116
sequence2678	sequence2685
sequence2680	sequence2680
sequence2680	sequence1837
sequence2680	sequence1921
sequence2681	sequence2681
sequence2683	sequence2683
sequence2684	sequence2684
sequence2684	sequence1003
sequence2684	sequence1286
sequence2689	sequence2689
sequence2691	sequence2691
sequence2692	sequence2692
sequence2694	sequence2694
sequence2695	sequence2695
sequence2695	sequence784
sequence2697	sequence2697
sequence2699	sequence2699
sequence701	sequence701
sequence710	sequence710
sequence711	sequence711
sequence711	sequence83
sequence711	sequence1699
sequence711	sequence1960
sequence711	sequence2424
sequence712	sequence712
sequence715	sequence715
sequence718	sequence718
sequence722	sequence722
sequence723	sequence723
sequence724	sequence724
sequence725	sequence725
sequence725	sequence644
sequence728	sequence728
sequence731	sequence731
sequence732	sequence732
sequence732	sequence151
sequence732	sequence683
sequence732	sequence2755
sequence734	sequence734
sequence737	sequence737
sequence740	sequence740
sequence740	sequence308
sequence740	sequence361
sequence742	sequence742
sequence742	sequence1231
sequence743	sequence743
sequence744	sequence744
sequence746	sequence746
sequence748	sequence748
sequence748	sequence199
sequence748	sequence1030
sequence748	sequence1079
sequence748	sequence1361
sequence748	sequence3119
sequence748	sequence3288
sequence749	sequence749
sequence750	sequence750
sequence750	sequence232
sequence750	sequence1169
sequence752	sequence752
sequence753	sequence753
sequence753	sequence470
sequence753	sequence795
sequence753	sequence1413
sequence753	sequence1873
sequence753	sequence1522
sequence755	sequence755
sequence760	sequence760
sequence760	sequence1802
sequence760	sequence2710
sequence764	sequence764
sequence766	sequence766
sequence769	sequence769
sequence769	sequence600
sequence769	sequence1077
sequence769	sequence2077
sequence769	sequence1710
sequence769	sequence3249
sequence772	sequence772
sequence773	sequence773
sequence773	sequence616
sequence773	sequence2475
sequence773	sequence2668
sequence774	sequence774
sequence778	sequence778
sequence778	sequence2104
sequence787	sequence787
sequence788	sequence788
sequence789	sequence789
sequence792	sequence792
sequence793	sequence793
sequence796	sequence796
sequence796	sequence1765
sequence796	sequence2435
sequence799	sequence799
sequence800	sequence800
sequence800	sequence1207
sequence800	sequence125
sequence800	sequence2099
sequence800	sequence3030
sequence1501	sequence1501
sequence1502	sequence1502
sequence1503	sequence1503
sequence1504	sequence1504
sequence1506	sequence1506
sequence1507	sequence1507
sequence1507	sequence1352
sequence1507	sequence3347
sequence1508	sequence1508
sequence1508	sequence3042
sequence1509	sequence1509
sequence1509	sequence1105
sequence1510	sequence1510
sequence1512	sequence1512
sequence1513	sequence1513
sequence1514	sequence1514
sequence1516	sequence1516
sequence1517	sequence1517
sequence1518	sequence1518
sequence1519	sequence1519
sequence1521	sequence1521
sequence1523	sequence1523
sequence1525	sequence1525
sequence1528	sequence1528
sequence1528	sequence2247
sequence1528	sequence2383
sequence1529	sequence1529
sequence1531	sequence1531
sequence1533	sequence1533
sequence1535	sequence1535
sequence1536	sequence1536
sequence1537	sequence1537
sequence1539	sequence1539
sequence1540	sequence1540
sequence1541	sequence1541
sequence1545	sequence1545
sequence1547	sequence1547
sequence1548	sequence1548
sequence1548	sequence1360
sequence1550	sequence1550
sequence1553	sequence1553
sequence1555	sequence1555
sequence1555	sequence355
sequence1555	sequence2842
sequence1560	sequence1560
sequence1560	sequence2480
sequence1563	sequence1563
sequence1569	sequence1569
sequence1570	sequence1570
sequence1573	sequence1573
sequence1575	sequence1575
sequence1575	sequence1408
sequence1575	sequence2264
sequence1575	sequence2799
sequence1575	sequence3168
sequence1577	sequence1577
sequence1577	sequence826
sequence1577	sequence1972
sequence1578	sequence1578
sequence1578	sequence2653
sequence1579	sequence1579
sequence1581	sequence1581
sequence1582	sequence1582
sequence1584	sequence1584
sequence1585	sequence1585
sequence1587	sequence1587
sequence1588	sequence1588
sequence1588	sequence1463
sequence1590	sequence1590
sequence1593	sequence1593
sequence1594	sequence1594
sequence1598	sequence1598
sequence1599	sequence1599
sequence1599	sequence1459
sequence1599	sequence2686
sequence2203	sequence2203
sequence2204	sequence2204
sequence2205	sequence2205
sequence2206	sequence2206
sequence2208	sequence2208
sequence2210	sequence2210
sequence2211	sequence2211
sequence2211	sequence1744
sequence2212	sequence2212
sequence2212	sequence1520
sequence2212	sequence2097
sequence2213	sequence2213
sequence2214	sequence2214
sequence2217	sequence2217
sequence2218	sequence2218
sequence2218	sequence2949
sequence2219	sequence2219
sequence2219	sequence1515
sequence2219	sequence1768
sequence2223	sequence2223
sequence2226	sequence2226
sequence2226	sequence2131
sequence2226	sequence825
sequence2226	sequence1310
sequence2230	sequence2230
sequence2231	sequence2231
sequence2231	sequence1681
sequence2232	sequence2232
sequence2233	sequence2233
sequence2234	sequence2234
sequence2236	sequence2236
sequence2238	sequence2238
sequence2240	sequence2240
sequence2240	sequence192
sequence2240	sequence1683
sequence2241	sequence2241
sequence2242	sequence2242
sequence2244	sequence2244
sequence2245	sequence2245
sequence2246	sequence2246
sequence2246	sequence1381
sequence2246	sequence2022
sequence2246	sequence2761
sequence2246	sequence3068
sequence2246	sequence2402
sequence2246	sequence3237
sequence2248	sequence2248
sequence2249	sequence2249
sequence2249	sequence3278
sequence2250	sequence2250
sequence2250	sequence610
sequence2250	sequence674
sequence2250	sequence1166
sequence2253	sequence2253
sequence2253	sequence1417
sequence2253	sequence1816
sequence2253	sequence2863
sequence2253	sequence3048
sequence2254	sequence2254
sequence2255	sequence2255
sequence2255	sequence1493
sequence2257	sequence2257
sequence2258	sequence2258
sequence2258	sequence2173
sequence2258	sequence2816
sequence2260	sequence2260
sequence2261	sequence2261
sequence2261	sequence105
sequence2263	sequence2263
sequence2267	sequence2267
sequence2268	sequence2268
sequence2268	sequence705
sequence2268	sequence1016
sequence2269	sequence2269
sequence2269	sequence1466
sequence2270	sequence2270
sequence2271	sequence2271
sequence2274	sequence2274
sequence2278	sequence2278
sequence2278	sequence2735
sequence2280	sequence2280
sequence2280	sequence3085
sequence2280	sequence2090
sequence2281	sequence2281
sequence2281	sequence1226
sequence2282	sequence2282
sequence2282	sequence341
sequence2282	sequence1239
sequence2282	sequence1266
sequence2282	sequence2725
sequence2284	sequence2284
sequence2285	sequence2285
sequence2286	sequence2286
sequence2286	sequence1014
sequence2287	sequence2287
sequence2288	sequence2288
sequence2292	sequence2292
sequence2294	sequence2294
sequence2294	sequence2265
sequence2296	sequence2296
sequence2298	sequence2298
sequence2299	sequence2299
sequence2300	sequence2300
sequence2301	sequence2301
sequence2302	sequence2302
sequence2305	sequence2305
sequence2305	sequence905
sequence2306	sequence2306
sequence2306	sequence538
sequence2306	sequence2166
sequence2306	sequence3008
sequence2306	sequence396
sequence2308	sequence2308
sequence2310	sequence2310
sequence2312	sequence2312
sequence2313	sequence2313
sequence2314	sequence2314
sequence2314	sequence3418
sequence2317	sequence2317
sequence2321	sequence2321
sequence2323	sequence2323
sequence2324	sequence2324
sequence2325	sequence2325
sequence2326	sequence2326
sequence2328	sequence2328
sequence2328	sequence1460
sequence2328	sequence2700
sequence2330	sequence2330
sequence2332	sequence2332
sequence2333	sequence2333
sequence2333	sequence3097
sequence2334	sequence2334
sequence2336	sequence2336
sequence2339	sequence2339
sequence2341	sequence2341
sequence2342	sequence2342
sequence2344	sequence2344
sequence2345	sequence2345
sequence2345	sequence1486
sequence2345	sequence1808
sequence2345	sequence1853
sequence2345	sequence2355
sequence2347	sequence2347
sequence2348	sequence2348
sequence2348	sequence1904
sequence2350	sequence2350
sequence2350	sequence407
sequence2350	sequence906
sequence2352	sequence2352
sequence2353	sequence2353
sequence2353	sequence1992
sequence2356	sequence2356
sequence2359	sequence2359
sequence2360	sequence2360
sequence2362	sequence2362
sequence2363	sequence2363
sequence2363	sequence3061
sequence2364	sequence2364
sequence2365	sequence2365
sequence2367	sequence2367
sequence2367	sequence116
sequence2368	sequence2368
sequence2369	sequence2369
sequence2371	sequence2371
sequence2372	sequence2372
sequence2372	sequence827
sequence2372	sequence1415
sequence2372	sequence290
sequence2372	sequence1233
sequence2372	sequence2070
sequence2375	sequence2375
sequence2377	sequence2377
sequence2377	sequence135
sequence2378	sequence2378
sequence2379	sequence2379
sequence2382	sequence2382
sequence2384	sequence2384
sequence2384	sequence2929
sequence2387	sequence2387
sequence2387	sequence1375
sequence2389	sequence2389
sequence2397	sequence2397
sequence2399	sequence2399
sequence2399	sequence713
sequence2399	sequence1018
sequence2399	sequence1609
sequence2400	sequence2400
sequence2802	sequence2802
sequence2805	sequence2805
sequence2806	sequence2806
sequence2807	sequence2807
sequence2808	sequence2808
sequence2808	sequence85
sequence2808	sequence1047
sequence2808	sequence1242
sequence2808	sequence3243
sequence2810	sequence2810
sequence2813	sequence2813
sequence2813	sequence2017
sequence2815	sequence2815
sequence2815	sequence2458
sequence2817	sequence2817
sequence2817	sequence2106
sequence2817	sequence1981
sequence2818	sequence2818
sequence2818	sequence679
sequence2818	sequence1335
sequence2820	sequence2820
sequence2820	sequence2890
sequence2822	sequence2822
sequence2822	sequence664
sequence2822	sequence2631
sequence2823	sequence2823
sequence2823	sequence807
sequence2823	sequence2010
sequence2824	sequence2824
sequence2826	sequence2826
sequence2827	sequence2827
sequence2829	sequence2829
sequence2830	sequence2830
sequence2830	sequence708
sequence2830	sequence2416
sequence2833	sequence2833
sequence2834	sequence2834
sequence2835	sequence2835
sequence2836	sequence2836
sequence2838	sequence2838
sequence2843	sequence2843
sequence2844	sequence2844
sequence2844	sequence98
sequence2847	sequence2847
sequence2847	sequence2134
sequence2848	sequence2848
sequence2849	sequence2849
sequence2850	sequence2850
sequence2850	sequence1245
sequence2850	sequence3395
sequence2851	sequence2851
sequence2853	sequence2853
sequence2854	sequence2854
sequence2854	sequence167
sequence2854	sequence878
sequence2854	sequence18
sequence2854	sequence499
sequence2854	sequence992
sequence2854	sequence2749
sequence2854	sequence2975
sequence2854	sequence3324
sequence2855	sequence2855
sequence2856	sequence2856
sequence2858	sequence2858
sequence2858	sequence2581
sequence2858	sequence404
sequence2860	sequence2860
sequence2862	sequence2862
sequence2862	sequence1705
sequence2862	sequence3429
sequence2864	sequence2864
sequence2864	sequence28
sequence2864	sequence2293
sequence2866	sequence2866
sequence2867	sequence2867
sequence2867	sequence1885
sequence2867	sequence1349
sequence2867	sequence1458
sequence2867	sequence2021
sequence2867	sequence2307
sequence2867	sequence2618
sequence2868	sequence2868
sequence2871	sequence2871
sequence2872	sequence2872
sequence2875	sequence2875
sequence2875	sequence2145
sequence2876	sequence2876
sequence2880	sequence2880
sequence2881	sequence2881
sequence2881	sequence79
sequence2881	sequence202
sequence2881	sequence1254
sequence2881	sequence1811
sequence2881	sequence638
sequence2881	sequence272
sequence2881	sequence858
sequence2881	sequence1020
sequence2881	sequence1211
sequence2881	sequence2504
sequence2881	sequence2515
sequence2881	sequence3263
sequence2881	sequence3343
sequence2881	sequence1096
sequence2881	sequence1
sequence2881	sequence1123
sequence2881	sequence1875
sequence2881	sequence2007
sequence2881	sequence2819
sequence2883	sequence2883
sequence2884	sequence2884
sequence2885	sequence2885
sequence2885	sequence1670
sequence2886	sequence2886
sequence2886	sequence2320
sequence2887	sequence2887
sequence2887	sequence281
sequence2888	sequence2888
sequence2888	sequence1022
sequence2889	sequence2889
sequence2889	sequence1694
sequence2894	sequence2894
sequence2897	sequence2897
sequence2899	sequence2899
sequence3102	sequence3102
sequence3102	sequence2068
sequence3102	sequence2442
sequence3103	sequence3103
sequence3104	sequence3104
sequence3105	sequence3105
sequence3106	sequence3106
sequence3110	sequence3110
sequence3113	sequence3113
sequence3113	sequence714
sequence3116	sequence3116
sequence3117	sequence3117
sequence3118	sequence3118
sequence3121	sequence3121
sequence3122	sequence3122
sequence3123	sequence3123
sequence3123	sequence1848
sequence3124	sequence3124
sequence3128	sequence3128
sequence3128	sequence2693
sequence3130	sequence3130
sequence3131	sequence3131
sequence3132	sequence3132
sequence3132	sequence1794
sequence3132	sequence1049
sequence3132	sequence2517
sequence3132	sequence55
sequence3132	sequence700
sequence3132	sequence1559
sequence3132	sequence2483
sequence3132	sequence2589
sequence3135	sequence3135
sequence3136	sequence3136
sequence3136	sequence64
sequence3136	sequence1836
sequence3136	sequence2641
sequence3139	sequence3139
sequence3141	sequence3141
sequence3141	sequence1236
sequence3141	sequence1442
sequence3141	sequence577
sequence3144	sequence3144
sequence3145	sequence3145
sequence3146	sequence3146
sequence3146	sequence2971
sequence3150	sequence3150
sequence3151	sequence3151
sequence3151	sequence758
sequence3151	sequence2115
sequence3152	sequence3152
sequence3152	sequence987
sequence3157	sequence3157
sequence3158	sequence3158
sequence3159	sequence3159
sequence3162	sequence3162
sequence3164	sequence3164
sequence3165	sequence3165
sequence3166	sequence3166
sequence3167	sequence3167
sequence3169	sequence3169
sequence3169	sequence1228
sequence3169	sequence2666
sequence3170	sequence3170
sequence3170	sequence2713
sequence3172	sequence3172
sequence3172	sequence519
sequence3173	sequence3173
sequence3173	sequence2215
sequence3174	sequence3174
sequence3176	sequence3176
sequence3176	sequence1027
sequence3180	sequence3180
sequence3182	sequence3182
sequence3182	sequence1454
sequence3183	sequence3183
sequence3185	sequence3185
sequence3185	sequence1101
sequence3185	sequence1905
sequence3187	sequence3187
sequence3188	sequence3188
sequence3190	sequence3190
sequence3190	sequence1348
sequence3190	sequence3079
sequence3191	sequence3191
sequence3194	sequence3194
sequence3196	sequence3196
sequence3198	sequence3198
sequence3198	sequence637
sequence3198	sequence1932
sequence3198	sequence1996
sequence3198	sequence3200
sequence3198	sequence2782
sequence3199	sequence3199
sequence3199	sequence1451
sequence3202	sequence3202
sequence3203	sequence3203
sequence3204	sequence3204
sequence3205	sequence3205
sequence3207	sequence3207
sequence3207	sequence528
sequence3208	sequence3208
sequence3208	sequence10
sequence3208	sequence813
sequence3208	sequence1317
sequence3208	sequence1697
sequence3208	sequence3129
sequence3208	sequence751
sequence3208	sequence3337
sequence3208	sequence2390
sequence3208	sequence2903
sequence3208	sequence3149
sequence3208	sequence14
sequence3208	sequence904
sequence3209	sequence3209
sequence3211	sequence3211
sequence3212	sequence3212
sequence3213	sequence3213
sequence3213	sequence575
sequence3213	sequence1647
sequence3216	sequence3216
sequence3221	sequence3221
sequence3223	sequence3223
sequence3225	sequence3225
sequence3225	sequence617
sequence3228	sequence3228
sequence3228	sequence3397
sequence3230	sequence3230
sequence3231	sequence3231
sequence3231	sequence1665
sequence3233	sequence3233
sequence3235	sequence3235
sequence3235	sequence2290
sequence3238	sequence3238
sequence3239	sequence3239
sequence3239	sequence1380
sequence3240	sequence3240
sequence3241	sequence3241
sequence3241	sequence1690
sequence3242	sequence3242
sequence3244	sequence3244
sequence3246	sequence3246
sequence3246	sequence275
sequence3246	sequence2408
sequence3246	sequence2464
sequence3247	sequence3247
sequence3247	sequence671
sequence3247	sequence1042
sequence3247	sequence1419
sequence3247	sequence1652
sequence3247	sequence2188
sequence3247	sequence2766
sequence3247	sequence1324
sequence3247	sequence413
sequence3247	sequence1401
sequence3247	sequence2121
sequence3248	sequence3248
sequence3250	sequence3250
sequence3251	sequence3251
sequence3251	sequence3282
sequence3251	sequence3052
sequence3253	sequence3253
sequence3253	sequence1255
sequence3255	sequence3255
sequence3256	sequence3256
sequence3256	sequence2031
sequence3257	sequence3257
sequence3257	sequence1589
sequence3257	sequence2606
sequence3257	sequence2451
sequence3260	sequence3260
sequence3262	sequence3262
sequence3265	sequence3265
sequence3266	sequence3266
sequence3266	sequence3028
sequence3266	sequence1127
sequence3266	sequence2303
sequence3266	sequence2516
sequence3268	sequence3268
sequence3271	sequence3271
sequence3275	sequence3275
sequence3275	sequence1635
sequence3277	sequence3277
sequence3280	sequence3280
sequence3286	sequence3286
sequence3286	sequence2891
sequence3287	sequence3287
sequence3290	sequence3290
sequence3291	sequence3291
sequence3293	sequence3293
sequence3294	sequence3294
sequence3294	sequence510
sequence3294	sequence1265
sequence3294	sequence1498
sequence3294	sequence2422
sequence3294	sequence986
sequence3294	sequence645
sequence3294	sequence3437
sequence3296	sequence3296
sequence3296	sequence1478
sequence3297	sequence3297
sequence3298	sequence3298
sequence3300	sequence3300
sequence101	sequence101
sequence102	sequence102
sequence102	sequence1890
sequence102	sequence2628
sequence102	sequence2991
sequence103	sequence103
sequence104	sequence104
sequence104	sequence3259
sequence108	sequence108
sequence108	sequence579
sequence108	sequence1156
sequence108	sequence1867
sequence109	sequence109
sequence109	sequence373
sequence109	sequence1857
sequence110	sequence110
sequence110	sequence567
sequence110	sequence686
sequence111	sequence111
sequence112	sequence112
sequence112	sequence612
sequence112	sequence1012
sequence112	sequence1248
sequence112	sequence1742
sequence112	sequence1903
sequence117	sequence117
sequence117	sequence566
sequence117	sequence782
sequence120	sequence120
sequence121	sequence121
sequence122	sequence122
sequence123	sequence123
sequence123	sequence124
sequence126	sequence126
sequence127	sequence127
sequence128	sequence128
sequence129	sequence129
sequence131	sequence131
sequence131	sequence919
sequence131	sequence1998
sequence131	sequence3258
sequence139	sequence139
sequence139	sequence1314
sequence139	sequence1341
sequence139	sequence1362
sequence139	sequence1524
sequence139	sequence2072
sequence140	sequence140
sequence142	sequence142
sequence143	sequence143
sequence144	sequence144
sequence145	sequence145
sequence146	sequence146
sequence148	sequence148
sequence149	sequence149
sequence152	sequence152
sequence154	sequence154
sequence155	sequence155
sequence158	sequence158
sequence159	sequence159
sequence160	sequence160
sequence163	sequence163
sequence165	sequence165
sequence165	sequence387
sequence165	sequence1543
sequence165	sequence1650
sequence165	sequence2029
sequence173	sequence173
sequence174	sequence174
sequence174	sequence1929
sequence174	sequence1940
sequence174	sequence2801
sequence174	sequence2915
sequence176	sequence176
sequence176	sequence1995
sequence177	sequence177
sequence180	sequence180
sequence180	sequence2394
sequence180	sequence2839
sequence181	sequence181
sequence184	sequence184
sequence185	sequence185
sequence186	sequence186
sequence189	sequence189
sequence189	sequence631
sequence189	sequence1109
sequence189	sequence1856
sequence191	sequence191
sequence195	sequence195
sequence197	sequence197
sequence901	sequence901
sequence901	sequence461
sequence903	sequence903
sequence903	sequence513
sequence907	sequence907
sequence907	sequence1777
sequence908	sequence908
sequence909	sequence909
sequence910	sequence910
sequence915	sequence915
sequence920	sequence920
sequence922	sequence922
sequence926	sequence926
sequence928	sequence928
sequence928	sequence2443
sequence928	sequence2907
sequence928	sequence2962
sequence929	sequence929
sequence929	sequence1028
sequence929	sequence2075
sequence929	sequence2743
sequence929	sequence3179
sequence929	sequence1048
sequence931	sequence931
sequence932	sequence932
sequence933	sequence933
sequence933	sequence1544
sequence935	sequence935
sequence939	sequence939
sequence943	sequence943
sequence945	sequence945
sequence945	sequence321
sequence947	sequence947
sequence950	sequence950
sequence955	sequence955
sequence955	sequence38
sequence955	sequence1114
sequence955	sequence1603
sequence957	sequence957
sequence958	sequence958
sequence958	sequence1369
sequence958	sequence1484
sequence958	sequence2385
sequence958	sequence2906
sequence959	sequence959
sequence960	sequence960
sequence962	sequence962
sequence962	sequence2227
sequence965	sequence965
sequence966	sequence966
sequence967	sequence967
sequence968	sequence968
sequence971	sequence971
sequence971	sequence1748
sequence971	sequence2412
sequence971	sequence2521
sequence972	sequence972
sequence974	sequence974
sequence976	sequence976
sequence978	sequence978
sequence978	sequence2142
sequence978	sequence584
sequence978	sequence2315
sequence978	sequence2566
sequence979	sequence979
sequence982	sequence982
sequence982	sequence2846
sequence983	sequence983
sequence984	sequence984
sequence985	sequence985
sequence988	sequence988
sequence988	sequence468
sequence989	sequence989
sequence990	sequence990
sequence991	sequence991
sequence993	sequence993
sequence994	sequence994
sequence996	sequence996
sequence996	sequence897
sequence996	sequence1673
sequence997	sequence997
sequence998	sequence998
sequence1000	sequence1000
sequence1000	sequence522
sequence1301	sequence1301
sequence1303	sequence1303
sequence1303	sequence1917
sequence1303	sequence3432
sequence1304	sequence1304
sequence1305	sequence1305
sequence1305	sequence2272
sequence1306	sequence1306
sequence1309	sequence1309
sequence1313	sequence1313
sequence1315	sequence1315
sequence1315	sequence43
sequence1316	sequence1316
sequence1319	sequence1319
sequence1319	sequence263
sequence1321	sequence1321
sequence1325	sequence1325
sequence1325	sequence970
sequence1325	sequence1497
sequence1325	sequence37
sequence1325	sequence598
sequence1325	sequence2479
sequence1332	sequence1332
sequence1333	sequence1333
sequence1334	sequence1334
sequence1334	sequence1183
sequence1334	sequence2472
sequence1336	sequence1336
sequence1337	sequence1337
sequence1337	sequence961
sequence1337	sequence3142
sequence1339	sequence1339
sequence1340	sequence1340
sequence1340	sequence3318
sequence1342	sequence1342
sequence1343	sequence1343
sequence1344	sequence1344
sequence1344	sequence3077
sequence1346	sequence1346
sequence1347	sequence1347
sequence1350	sequence1350
sequence1350	sequence1246
sequence1353	sequence1353
sequence1353	sequence190
sequence1356	sequence1356
sequence1357	sequence1357
sequence1358	sequence1358
sequence1359	sequence1359
sequence1363	sequence1363
sequence1365	sequence1365
sequence1365	sequence563
sequence1366	sequence1366
sequence1366	sequence1354
sequence1368	sequence1368
sequence1370	sequence1370
sequence1370	sequence2471
sequence1373	sequence1373
sequence1376	sequence1376
sequence1376	sequence821
sequence1376	sequence1406
sequence1376	sequence1743
sequence1376	sequence2865
sequence1377	sequence1377
sequence1379	sequence1379
sequence1382	sequence1382
sequence1384	sequence1384
sequence1384	sequence660
sequence1385	sequence1385
sequence1385	sequence2800
sequence1388	sequence1388
sequence1390	sequence1390
sequence1391	sequence1391
sequence1392	sequence1392
sequence1393	sequence1393
sequence1395	sequence1395
sequence1397	sequence1397
sequence1398	sequence1398
sequence1399	sequence1399
sequence1400	sequence1400
sequence1801	sequence1801
sequence1804	sequence1804
sequence1804	sequence559
sequence1806	sequence1806
sequence1806	sequence763
sequence1807	sequence1807
sequence1807	sequence179
sequence1809	sequence1809
sequence1809	sequence1091
sequence1810	sequence1810
sequence1812	sequence1812
sequence1812	sequence1064
sequence1813	sequence1813
sequence1813	sequence814
sequence1813	sequence2027
sequence1814	sequence1814
sequence1818	sequence1818
sequence1820	sequence1820
sequence1823	sequence1823
sequence1824	sequence1824
sequence1825	sequence1825
sequence1827	sequence1827
sequence1830	sequence1830
sequence1832	sequence1832
sequence1833	sequence1833
sequence1834	sequence1834
sequence1838	sequence1838
sequence1838	sequence1595
sequence1844	sequence1844
sequence1845	sequence1845
sequence1846	sequence1846
sequence1846	sequence1150
sequence1846	sequence1633
sequence1846	sequence1805
sequence1846	sequence2486
sequence1846	sequence2506
sequence1846	sequence2791
sequence1846	sequence2893
sequence1847	sequence1847
sequence1847	sequence804
sequence1850	sequence1850
sequence1851	sequence1851
sequence1852	sequence1852
sequence1858	sequence1858
sequence1859	sequence1859
sequence1861	sequence1861
sequence1861	sequence1355
sequence1861	sequence2392
sequence1861	sequence2985
sequence1861	sequence3063
sequence1862	sequence1862
sequence1862	sequence448
sequence1862	sequence1784
sequence1863	sequence1863
sequence1864	sequence1864
sequence1865	sequence1865
sequence1865	sequence50
sequence1865	sequence2158
sequence1865	sequence2354
sequence1865	sequence2663
sequence1865	sequence2837
sequence1865	sequence432
sequence1865	sequence1786
sequence1865	sequence1889
sequence1865	sequence2276
sequence1865	sequence3031
sequence1866	sequence1866
sequence1866	sequence862
sequence1868	sequence1868
sequence1870	sequence1870
sequence1871	sequence1871
sequence1874	sequence1874
sequence1876	sequence1876
sequence1877	sequence1877
sequence1878	sequence1878
sequence1879	sequence1879
sequence1879	sequence1291
sequence1880	sequence1880
sequence1880	sequence918
sequence1880	sequence3252
sequence1881	sequence1881
sequence1881	sequence817
sequence1881	sequence3181
sequence1883	sequence1883
sequence1884	sequence1884
sequence1884	sequence914
sequence1887	sequence1887
sequence1892	sequence1892
sequence1893	sequence1893
sequence1894	sequence1894
sequence1896	sequence1896
sequence1897	sequence1897
sequence1898	sequence1898
sequence1898	sequence2361
sequence1898	sequence3261
sequence1900	sequence1900
sequence2501	sequence2501
sequence2501	sequence879
sequence2502	sequence2502
sequence2502	sequence20
sequence2502	sequence3403
sequence2502	sequence196
sequence2507	sequence2507
sequence2508	sequence2508
sequence2509	sequence2509
sequence2509	sequence2092
sequence2511	sequence2511
sequence2512	sequence2512
sequence2513	sequence2513
sequence2513	sequence1281
sequence2514	sequence2514
sequence2518	sequence2518
sequence2519	sequence2519
sequence2520	sequence2520
sequence2522	sequence2522
sequence2523	sequence2523
sequence2525	sequence2525
sequence2526	sequence2526
sequence2526	sequence641
sequence2526	sequence1089
sequence2526	sequence1165
sequence2528	sequence2528
sequence2529	sequence2529
sequence2529	sequence150
sequence2529	sequence2737
sequence2531	sequence2531
sequence2531	sequence925
sequence2531	sequence824
sequence2531	sequence893
sequence2531	sequence2335
sequence2532	sequence2532
sequence2532	sequence13
sequence2533	sequence2533
sequence2533	sequence353
sequence2533	sequence739
sequence2533	sequence1886
sequence2533	sequence1976
sequence2533	sequence2757
sequence2536	sequence2536
sequence2536	sequence3281
sequence2537	sequence2537
sequence2538	sequence2538
sequence2540	sequence2540
sequence2540	sequence153
sequence2540	sequence921
sequence2540	sequence1002
sequence2540	sequence1110
sequence2540	sequence1267
sequence2540	sequence1287
sequence2540	sequence1613
sequence2540	sequence1964
sequence2540	sequence1991
sequence2540	sequence2187
sequence2540	sequence2351
sequence2540	sequence2679
sequence2540	sequence3269
sequence2540	sequence3440
sequence2540	sequence3398
sequence2540	sequence894
sequence2540	sequence3441
sequence2541	sequence2541
sequence2541	sequence2191
sequence2542	sequence2542
sequence2543	sequence2543
sequence2543	sequence2729
sequence2545	sequence2545
sequence2545	sequence57
sequence2545	sequence114
sequence2545	sequence1922
sequence2545	sequence1505
sequence2545	sequence1901
sequence2545	sequence2426
sequence2546	sequence2546
sequence2547	sequence2547
sequence2547	sequence1102
sequence2548	sequence2548
sequence2550	sequence2550
sequence2550	sequence640
sequence2550	sequence738
sequence2552	sequence2552
sequence2553	sequence2553
sequence2554	sequence2554
sequence2555	sequence2555
sequence2557	sequence2557
sequence2558	sequence2558
sequence2559	sequence2559
sequence2561	sequence2561
sequence2561	sequence187
sequence2561	sequence2393
sequence2561	sequence555
sequence2563	sequence2563
sequence2563	sequence1171
sequence2564	sequence2564
sequence2565	sequence2565
sequence2565	sequence2033
sequence2567	sequence2567
sequence2567	sequence1059
sequence2568	sequence2568
sequence2570	sequence2570
sequence2571	sequence2571
sequence2572	sequence2572
sequence2573	sequence2573
sequence2574	sequence2574
sequence2575	sequence2575
sequence2575	sequence1268
sequence2576	sequence2576
sequence2577	sequence2577
sequence2579	sequence2579
sequence2580	sequence2580
sequence2580	sequence719
sequence2580	sequence2046
sequence2582	sequence2582
sequence2583	sequence2583
sequence2586	sequence2586
sequence2587	sequence2587
sequence2588	sequence2588
sequence2588	sequence481
sequence2591	sequence2591
sequence2591	sequence517
sequence2593	sequence2593
sequence2593	sequence3417
sequence2595	sequence2595
sequence2595	sequence2551
sequence2596	sequence2596
sequence2597	sequence2597
sequence2598	sequence2598
sequence2598	sequence2009
sequence2599	sequence2599
sequence2600	sequence2600
sequence3302	sequence3302
sequence3302	sequence3177
sequence3306	sequence3306
sequence3308	sequence3308
sequence3308	sequence2638
sequence3309	sequence3309
sequence3313	sequence3313
sequence3314	sequence3314
sequence3315	sequence3315
sequence3315	sequence2040
sequence3316	sequence3316
sequence3316	sequence1045
sequence3320	sequence3320
sequence3320	sequence1527
sequence3321	sequence3321
sequence3322	sequence3322
sequence3323	sequence3323
sequence3323	sequence219
sequence3323	sequence427
sequence3323	sequence816
sequence3323	sequence938
sequence3323	sequence1124
sequence3326	sequence3326
sequence3326	sequence2956
sequence3328	sequence3328
sequence3330	sequence3330
sequence3331	sequence3331
sequence3331	sequence2259
sequence3332	sequence3332
sequence3332	sequence2071
sequence3334	sequence3334
sequence3334	sequence1318
sequence3334	sequence1604
sequence3335	sequence3335
sequence3336	sequence3336
sequence3336	sequence1739
sequence3339	sequence3339
sequence3340	sequence3340
sequence3344	sequence3344
sequence3348	sequence3348
sequence3350	sequence3350
sequence3351	sequence3351
sequence3351	sequence681
sequence3351	sequence2662
sequence3351	sequence3111
sequence3352	sequence3352
sequence3355	sequence3355
sequence3355	sequence442
sequence3355	sequence136
sequence3355	sequence332
sequence3355	sequence3273
sequence3355	sequence2085
sequence3356	sequence3356
sequence3356	sequence3143
sequence3357	sequence3357
sequence3358	sequence3358
sequence3358	sequence1534
sequence3359	sequence3359
sequence3360	sequence3360
sequence3361	sequence3361
sequence3363	sequence3363
sequence3365	sequence3365
sequence3367	sequence3367
sequence3367	sequence551
sequence3367	sequence2275
sequence3367	sequence3114
sequence3368	sequence3368
sequence3368	sequence1716
sequence3368	sequence1840
sequence3369	sequence3369
sequence3370	sequence3370
sequence3371	sequence3371
sequence3372	sequence3372
sequence3373	sequence3373
sequence3374	sequence3374
sequence3375	sequence3375
sequence3378	sequence3378
sequence3378	sequence1331
sequence3380	sequence3380
sequence3382	sequence3382
sequence3383	sequence3383
sequence3383	sequence1682
sequence3385	sequence3385
sequence3386	sequence3386
sequence3387	sequence3387
sequence3388	sequence3388
sequence3389	sequence3389
sequence3390	sequence3390
sequence3391	sequence3391
sequence3393	sequence3393
sequence3394	sequence3394
sequence3394	sequence261
sequence3394	sequence1965
sequence3394	sequence3284
sequence3394	sequence3329
sequence3394	sequence3333
sequence3396	sequence3396
sequence3396	sequence169
sequence3396	sequence815
sequence3400	sequence3400
